geo\time;ISSO;2015
Belgium;BEL;-0.69999
Bulgaria;BGR;0.80001
Czechia;CHE;0.00001
Denmark;DNK;8.30001
Germany;DEU;7.40001
Estonia;EST;1.10001
Ireland;IRL;2.30001
Greece;GRC;-1.49999
Spain;ESP;1.30001
France;FRA;-0.59999
Croatia;HRV;2.40001
Italy;ITA;1.40001
Cyprus;CYP;-3.59999
Latvia;LVA;-1.59999
Lithuania;LTU;0.60001
Luxembourg;LUX;5.20001
Hungary;HUN;2.70001
Malta;MLT;2.90001
Netherlands;NLD;8.20001
Austria;AUT;2.00001
Poland;POL;-1.29999
Portugal;PRT;0.60001
Romania;ROU;-0.99999
Slovenia;SVN;4.90001
Slovakia;SVK;0.40001
Finland;FIN;-1.59999
Sweden;SWE;4.60001
United Kingdom;GBR;-4.99999
