geo\time;ISSO;2011
Belgium;BEL;-0.09999
Bulgaria;BGR;-3.19999
Czechia;CHE;-2.59999
Denmark;DNK;5.50001
Germany;DEU;5.90001
Estonia;EST;1.90001
Ireland;IRL;-2.49999
Greece;GRC;-11.19999
Spain;ESP;-3.79999
France;FRA;-0.69999
Croatia;HRV;-2.39999
Italy;ITA;-2.79999
Cyprus;CYP;-7.69999
Latvia;LVA;2.20001
Lithuania;LTU;-1.49999
Luxembourg;LUX;6.60001
Hungary;HUN;0.10001
Malta;MLT;-5.59999
Netherlands;NLD;7.00001
Austria;AUT;2.40001
Poland;POL;-4.79999
Portugal;PRT;-8.89999
Romania;ROU;-4.89999
Slovenia;SVN;-0.19999
Slovakia;SVK;-4.39999
Finland;FIN;0.30001
Sweden;SWE;5.80001
United Kingdom;GBR;-2.99999
