geo\time;ISSO;2007
Belgium;BEL;2.00001
Bulgaria;BGR;-17.49999
Czechia;CHE;-3.09999
Denmark;DNK;3.00001
Germany;DEU;5.70001
Estonia;EST;-12.89999
Ireland;IRL;-5.09999
Greece;GRC;-11.79999
Spain;ESP;-8.69999
France;FRA;0.10001
Croatia;HRV;-6.39999
Italy;ITA;-1.29999
Cyprus;CYP;-8.59999
Latvia;LVA;-17.69999
Lithuania;LTU;-11.19999
Luxembourg;LUX;10.20001
Hungary;HUN;-6.99999
Malta;MLT;-4.99999
Netherlands;NLD;7.70001
Austria;AUT;3.10001
Poland;POL;-4.29999
Portugal;PRT;-10.09999
Romania;ROU;-10.79999
Slovenia;SVN;-2.59999
Slovakia;SVK;-8.69999
Finland;FIN;3.50001
Sweden;SWE;7.50001
United Kingdom;GBR;-2.89999
