geo\time;ISSO;2014
Belgium;BEL;-0.39999
Bulgaria;BGR;0.60001
Czechia;CHE;-0.59999
Denmark;DNK;7.70001
Germany;DEU;6.90001
Estonia;EST;-0.19999
Ireland;IRL;-0.29999
Greece;GRC;-2.49999
Spain;ESP;0.80001
France;FRA;-0.79999
Croatia;HRV;0.90001
Italy;ITA;0.90001
Cyprus;CYP;-5.09999
Latvia;LVA;-2.69999
Lithuania;LTU;0.90001
Luxembourg;LUX;5.40001
Hungary;HUN;2.30001
Malta;MLT;1.80001
Netherlands;NLD;9.50001
Austria;AUT;2.00001
Poland;POL;-2.39999
Portugal;PRT;0.00001
Romania;ROU;-2.19999
Slovenia;SVN;4.10001
Slovakia;SVK;1.30001
Finland;FIN;-2.09999
Sweden;SWE;5.10001
United Kingdom;GBR;-4.59999
