geo\time;ISSO;2010
Belgium;BEL;-0.09999
Bulgaria;BGR;-10.69999
Czechia;CHE;-2.59999
Denmark;DNK;4.30001
Germany;DEU;5.70001
Estonia;EST;-1.49999
Ireland;IRL;-3.99999
Greece;GRC;-12.89999
Spain;ESP;-5.79999
France;FRA;-0.59999
Croatia;HRV;-5.19999
Italy;ITA;-2.69999
Cyprus;CYP;-11.49999
Latvia;LVA;-0.79999
Lithuania;LTU;-4.49999
Luxembourg;LUX;7.10001
Hungary;HUN;-2.49999
Malta;MLT;-5.69999
Netherlands;NLD;5.80001
Austria;AUT;3.30001
Poland;POL;-5.29999
Portugal;PRT;-10.89999
Romania;ROU;-7.09999
Slovenia;SVN;-1.99999
Slovakia;SVK;-4.89999
Finland;FIN;1.60001
Sweden;SWE;6.60001
United Kingdom;GBR;-3.69999
