geo\time;ISSO;2012
Belgium;BEL;0.20001
Bulgaria;BGR;-0.69999
Czechia;CHE;-2.39999
Denmark;DNK;6.50001
Germany;DEU;6.30001
Estonia;EST;0.40001
Ireland;IRL;-2.09999
Greece;GRC;-8.39999
Spain;ESP;-2.39999
France;FRA;-0.79999
Croatia;HRV;-0.69999
Italy;ITA;-2.19999
Cyprus;CYP;-7.09999
Latvia;LVA;-1.59999
Lithuania;LTU;-2.39999
Luxembourg;LUX;6.10001
Hungary;HUN;0.90001
Malta;MLT;-2.89999
Netherlands;NLD;8.60001
Austria;AUT;2.00001
Poland;POL;-4.79999
Portugal;PRT;-5.99999
Romania;ROU;-4.99999
Slovenia;SVN;0.70001
Slovakia;SVK;-2.89999
Finland;FIN;-0.99999
Sweden;SWE;5.70001
United Kingdom;GBR;-2.99999
