geo\time;ISSO;2018
Belgium;BEL;-0.39999
Bulgaria;BGR;4.60001
Czechia;CHE;1.00001
Denmark;DNK;7.30001
Germany;DEU;7.90001
Estonia;EST;2.30001
Ireland;IRL;4.50001
Greece;GRC;-2.09999
Spain;ESP;1.70001
France;FRA;-0.49999
Croatia;HRV;3.00001
Italy;ITA;2.60001
Cyprus;CYP;-6.79999
Latvia;LVA;0.50001
Lithuania;LTU;0.60001
Luxembourg;LUX;4.90001
Hungary;HUN;3.30001
Malta;MLT;8.40001
Netherlands;NLD;9.80001
Austria;AUT;2.30001
Poland;POL;-0.39999
Portugal;PRT;0.10001
Romania;ROU;-3.29999
Slovenia;SVN;6.50001
Slovakia;SVK;-2.19999
Finland;FIN;-1.09999
Sweden;SWE;3.00001
United Kingdom;GBR;-4.09999
