YEAR;Service;Credit;Debit;Weight
1998;Manufacturing services ;313.24;32.33;0.036515010392393
1998;Maintenance and repair services;279.50;54.18;0.0325818714234256
1998;Transport;1369.32;1425.93;0.159624358416906
1998;Travel;4903.31;2084.53;0.571588608118773
1998;Construction;173.66;95.30;0.020243891919113
1998;Insurance and pension services;58.41;74.24;0.00680896998154665
1998;Financial services;374.38;334.11;0.0436422219087731
1998;Intellectual property;35.44;271.53;0.0041313113532959
1998;Telecommunications and computers;211.51;257.20;0.0246561417701923
1998;Other business services;649.60;1020.79;0.0757251652116539
1998;Personal, cultural and recreational;125.53;220.51;0.0146332820028001
1998;Government;84.50;251.97;0.00985033322103565
