YEAR;Service;Credit;Debit;Weight
2014;Manufacturing services ;380.28;30.88;0.0162363778890147
2014;Maintenance and repair services;358.02;315.37;0.0152859682650285
2014;Transport;5675.30;3217.32;0.242311758266344
2014;Travel;10393.92;3318.25;0.443777250626348
2014;Construction;545.94;102.62;0.0233093724222381
2014;Insurance and pension services;91.47;338.79;0.00390538941177073
2014;Financial services;332.27;508.44;0.0141865501240741
2014;Intellectual property;65.53;511.07;0.00279785905929087
2014;Telecommunications and computers;1172.69;1040.31;0.0500689964938168
2014;Other business services;4031.14;2364.12;0.172112949309779
2014;Personal, cultural and recreational;218.95;228.25;0.00934825638687222
2014;Government;155.96;68.27;0.00665884478692209
