YEAR;Service;Credit;Debit;Weight
2015;Manufacturing services ;319.99;21.05;0.0127226888016562
2015;Maintenance and repair services;413.76;317.79;0.0164509507127513
2015;Transport;5713.36;3178.88;0.227161165323387
2015;Travel;11451.08;3612.14;0.45529087559883
2015;Construction;560.96;100.05;0.0223035704558801
2015;Insurance and pension services;126.40;350.09;0.00502561912725194
2015;Financial services;332.05;526.42;0.0132021901202849
2015;Intellectual property;72.68;631.21;0.00288973099816986
2015;Telecommunications and computers;1209.21;920.61;0.0480777603232936
2015;Other business services;4609.19;2610.59;0.183259758110272
2015;Personal, cultural and recreational;203.70;242.06;0.00809903968529446
2015;Government;138.76;105.77;0.00551704833937879
